<?xml version="1.0" encoding="UTF-8"?>

<window id="90000">
	<defaultcontrol>91050</defaultcontrol>
	<allowoverlay>yes</allowoverlay>
	<animation effect="fade" time="100">WindowOpen</animation>
	<animation effect="fade" time="100">WindowClose</animation>
	<coordinates>
		<posX>200</posX>
		<posY>100</posY>
	</coordinates>
	<controls>
		<control type="image">
			<description>Background</description>
			<posx>150</posx>
			<posy>100</posy>
			<width>980</width>
			<height>500</height>
			<texture>dialog.png</texture>
		</control>
		
		<control type="image">
			<description>Title Bar</description>
			<posx>150</posx>
			<posy>100</posy>
			<width>980</width>
			<height>35</height>
			<texture>dialogheader.png</texture>
		</control>
		<control type="label">
			<posx>150</posx>
			<posy>105</posy>
			<width>980</width>
			<height>35</height>
			<font>font13_title</font>
			<align>center</align>
			<textcolor>cyan</textcolor>
			<shadowcolor>dimgrey</shadowcolor>
			<label>Set Fanart</label>
		</control>

		<control type="label" id="90009">
			<posx>250</posx>
			<posy>150</posy>
			<width>300</width>
			<height>22</height>
			<font>font12</font>
			<aligny>center</aligny>
			<align>right</align>
			<textcolor>white</textcolor>
			<label>Poster</label>

		</control>
		
		<control type="button" id="90007">
			<posx>425</posx>
			<posy>150</posy>
			<width>25</width>
			<height>25</height>
			<visible>true</visible>
			<colordiffuse>FFFFFFFF</colordiffuse>
			<texturefocus>List/scroll-up-focus-2.png</texturefocus>
			<texturenofocus>List/scroll-up-2.png</texturenofocus>
			<font>font12</font>
			<onleft>90008</onleft>
			<ondown>91050</ondown>
			<textcolor></textcolor>
		</control>
		
		<control type="button" id="90008">
			<posx>400</posx>
			<posy>150</posy>
			<width>25</width>
			<height>25</height>
			<visible>true</visible>
			<colordiffuse>FFFFFFFF</colordiffuse>
			<texturefocus>List/scroll-down-focus-2.png</texturefocus>
			<texturenofocus>List/scroll-down-2.png</texturenofocus>
			<font>font12</font>
			<onright>90007</onright>
			<ondown>91050</ondown>
			<textcolor></textcolor>
		</control>

		<control type="image" id="92050">
			<posx>650</posx>
			<posy>165</posy>
			<width>400</width>
			<height>400</height>
			<texture></texture>
			<aspectratio>keep</aspectratio>
		</control>

		<control type="button" id="82000">
			<posx>1060</posx>
			<posy>110</posy>
			<width>60</width>
			<height>32</height>
			<label></label>
			<focusedcolor>FFFFFFFF</focusedcolor>
			<colordiffuse>FFFFFFFF</colordiffuse>
			<texturefocus>window/close_focus.png</texturefocus>
			<texturenofocus>window/close.png</texturenofocus>
			<pulseonselect>true</pulseonselect>
		</control>
		
		<control type="list" id="91050">
		<left>180</left>
		<top>180</top>
		<width>400</width>
		<height>380</height>
		<visible>true</visible>
		<viewtype label="3D list">list</viewtype>
		<orientation>vertical</orientation>
		<pagecontrol>25</pagecontrol>
		<scrolltime tween="sine" easing="out">200</scrolltime>
		<autoscroll>false</autoscroll>
		<ondown></ondown>
		<onup>90008</onup>
		<itemlayout width="400" height="36">
			<control type="image">
					<width>400</width>
					<height>36</height>
					<left>0</left>
					<top>0</top>
					<texture>List/nofocus.png</texture>
			</control>
			<control type="label">
					<left>25</left>
					<top>2</top>
					<width>800</width>
					<height>30</height>
					<font>font16</font>
					<aligny>center</aligny>
					<align>left</align>
					<info>ListItem.Label</info>
			</control>
			<control type="image">
					<left>0</left>
					<top>5</top>
					<width>25</width>
					<height>25</height>
					<info>ListItem.Icon</info>
			</control>
		</itemlayout>
		<focusedlayout height="36" width="280">
			<control type="image">
					<width>400</width>
					<height>36</height>
					<left>0</left>
					<top>0</top>
					<visible>Control.HasFocus(91050)</visible>
					<texture>List/focus_blue.png</texture>
			</control>
			<control type="label">
					<left>25</left>
					<top>2</top>
					<width>375</width>
					<height>30</height>
					<font>font16</font>
					<aligny>center</aligny>
					<align>left</align>
					<info>ListItem.Label</info>
			</control>
			<control type="image">
					<left>0</left>
					<top>5</top>
					<width>25</width>
					<height>25</height>
					<info>ListItem.Icon</info>
			</control>
		</focusedlayout>
	</control>

	<control type="list" id="91051">
		<left>180</left>
		<top>180</top>
		<width>400</width>
		<height>380</height>
		<visible>true</visible>
		<viewtype label="3D list">list</viewtype>
		<orientation>vertical</orientation>
		<pagecontrol>25</pagecontrol>
		<scrolltime tween="sine" easing="out">200</scrolltime>
		<autoscroll>false</autoscroll>
		<ondown></ondown>
		<onup>90008</onup>
		<itemlayout width="400" height="36">
			<control type="image">
					<width>400</width>
					<height>36</height>
					<left>0</left>
					<top>0</top>
					<texture>List/nofocus.png</texture>
			</control>
			<control type="label">
					<left>25</left>
					<top>2</top>
					<width>375</width>
					<height>30</height>
					<font>font16</font>
					<aligny>center</aligny>
					<align>left</align>
					<info>ListItem.Label</info>
			</control>
			<control type="image">
					<left>0</left>
					<top>5</top>
					<width>25</width>
					<height>25</height>
					<info>ListItem.Icon</info>
			</control>
		</itemlayout>
		<focusedlayout height="36" width="280">
			<control type="image">
					<width>400</width>
					<height>36</height>
					<left>0</left>
					<top>0</top>
					<visible>Control.HasFocus(91051)</visible>
					<texture>List/focus_blue.png</texture>
			</control>
			<control type="label">
					<left>25</left>
					<top>2</top>
					<width>375</width>
					<height>30</height>
					<font>font16</font>
					<aligny>center</aligny>
					<align>left</align>
					<info>ListItem.Label</info>
			</control>
			<control type="image">
					<left>0</left>
					<top>5</top>
					<width>25</width>
					<height>25</height>
					<info>ListItem.Icon</info>
			</control>
		</focusedlayout>
	</control>
	</controls>
</window>