<?xml version="1.0" encoding="UTF-8"?>

<window id="90000">
	<defaultcontrol>91050</defaultcontrol>
	<allowoverlay>yes</allowoverlay>
	<animation effect="fade" time="100">WindowOpen</animation>
	<animation effect="fade" time="100">WindowClose</animation>
	<coordinates>
		<posX>200</posX>
		<posY>100</posY>
	</coordinates>
	<controls>
		<control type="image">
			<description>Background</description>
			<posx>50</posx>
			<posy>60</posy>
			<width>1180</width>
			<height>600</height>
			<texture>dialog.png</texture>
		</control>
		<control type="image">
			<description>Background</description>
			<posx>50</posx>
			<posy>60</posy>
			<width>1180</width>
			<height>600</height>
			<texture>dialog.png</texture>
		</control>
		
		<control type="image">
			<description>Title Bar</description>
			<posx>50</posx>
			<posy>62</posy>
			<width>1180</width>
			<height>40</height>
			<texture>dialogheader.png</texture>
		</control>
		<control type="label">
			<posx>50</posx>
			<posy>70</posy>
			<width>1180</width>
			<height>40</height>
			<font>font13_title</font>
			<align>center</align>
			<textcolor>cyan</textcolor>
			<shadowcolor>dimgrey</shadowcolor>
			<label>Select a Stream</label>
		</control>

		<control type="button" id="82000">
			<posx>1150</posx>
			<posy>66</posy>
			<width>60</width>
			<height>32</height>
			<label></label>
			<focusedcolor>FFFFFFFF</focusedcolor>
			<colordiffuse>FFFFFFFF</colordiffuse>
			<texturefocus>window/close_focus.png</texturefocus>
			<texturenofocus>window/close.png</texturenofocus>
			<pulseonselect>true</pulseonselect>
		</control>
		
		<control type="list" id="91050">
		<description>Settings</description>
		<left>100</left>
		<top>130</top>
		<width>1100</width>
		<height>480</height>
		<visible>true</visible>
		<viewtype label="3D list">list</viewtype>
		<orientation>vertical</orientation>
		<pagecontrol>91051</pagecontrol>
		<scrolltime tween="sine" easing="out">200</scrolltime>
		<autoscroll>false</autoscroll>
		<onright>91051</onright>
		<itemlayout width="1110" height="60">
			<control type="image">
					<width>1080</width>
					<height>60</height>
					<left>0</left>
					<top>0</top>
					<texture>List/nofocus.png</texture>
			</control>
			<control type="image">
					<left>0</left>
					<top>6</top>
					<width>60</width>
					<height>48</height>
					<info>ListItem.Icon</info>
			</control>
			<control type="label">
					<left>65</left>
					<top>2</top>
					<width>990</width>
					<height>30</height>
					<font>font16</font>
					<aligny>center</aligny>
					<align>left</align>
					<info>ListItem.Label</info>
					<textcolor>gray</textcolor>
			</control>
			<control type="label">
					<left>65</left>
					<top>32</top>
					<width>300</width>
					<height>20</height>
					<font>font11</font>
					<aligny>center</aligny>
					<align>left</align>
					<info>ListItem.Property(host)</info>
					<textcolor>red</textcolor>
			</control>
			<control type="label">
					<left>365</left>
					<top>32</top>
					<width>750</width>
					<height>20</height>
					<font>font11</font>
					<aligny>center</aligny>
					<align>left</align>
					<info>ListItem.Label2</info>
			</control>
			
			
		</itemlayout>
		<focusedlayout height="60" width="1110">
			<control type="image">
					<width>1080</width>
					<height>60</height>
					<left>0</left>
					<top>0</top>
					<visible>Control.HasFocus(91050)</visible>
					<texture>List/focus_blue.png</texture>
			</control>
			<control type="image">
					<left>0</left>
					<top>6</top>
					<width>60</width>
					<height>48</height>
					<info>ListItem.Icon</info>
			</control>
			<control type="label">
					<left>65</left>
					<top>2</top>
					<width>990</width>
					<height>30</height>
					<font>font16</font>
					<aligny>center</aligny>
					<align>left</align>
					<info>ListItem.Label</info>
					<textcolor>white</textcolor>
			</control>
			<control type="label">
					<left>65</left>
					<top>32</top>
					<width>300</width>
					<height>20</height>
					<font>font11</font>
					<aligny>center</aligny>
					<align>left</align>
					<info>ListItem.Property(host)</info>
					<textcolor>red</textcolor>
			</control>
			
			<control type="label">
					<left>365</left>
					<top>32</top>
					<width>750</width>
					<height>20</height>
					<font>font11</font>
					<aligny>center</aligny>
					<align>left</align>
					<info>ListItem.Label2</info>
			</control>
			
		</focusedlayout>
	</control>
	<control type="scrollbar" id="91051">
			<description>Queue Scroll</description>
			<posx>1160</posx>
			<posy>130</posy>
			<width>25</width>
			<height>480</height>
			<visible>true</visible>
			<texturesliderbackground border="0,14,0,14">ScrollBarV.png</texturesliderbackground>
			<texturesliderbar border="0,14,0,14">ScrollBarV_bar.png</texturesliderbar>
			<texturesliderbarfocus border="0,14,0,14">ScrollBarV_bar_focus.png</texturesliderbarfocus>
			<textureslidernib>ScrollBarNib.png</textureslidernib>
			<textureslidernibfocus>ScrollBarNib.png</textureslidernibfocus>
			<colordiffuse>FFCCCCCC</colordiffuse>
			<pulseonselect>True</pulseonselect>
			<orientation>vertical</orientation>
			<showonepage>true</showonepage>
			<onleft>91050</onleft>
		</control>
	
	</controls>
</window>