<?xml version="1.0" encoding="UTF-8"?>

<window id="81000">
	<defaultcontrol>82001</defaultcontrol>
	<allowoverlay>yes</allowoverlay>
	<animation effect="fade" time="100">WindowOpen</animation>
	<animation effect="fade" time="100">WindowClose</animation>
	<coordinates>
		<posX>200</posX>
		<posY>100</posY>
	</coordinates>
	<controls>
		<control type="image">
			<description>Background</description>
			<posx>0</posx>
			<posy>0</posy>
			<width>1280</width>
			<height>720</height>
			<texture>authorize_background.png</texture>
		</control>

		<control type="button" id="82000">
			<posx>427</posx>
			<posy>600</posy>
			<width>200</width>
			<height>44</height>
			<align>center</align>
			<aligny>center</aligny>
			<label>MAYBE LATER</label>
			<focusedcolor>FFFFFFFF</focusedcolor>
			<colordiffuse>FFFFFFFF</colordiffuse>
			<texturefocus>button.png</texturefocus>
			<texturenofocus>buttonNF.png</texturenofocus>
			<pulseonselect>true</pulseonselect>
			<onright>82001</onright>
		</control>
		
		<control type="button" id="82001">
			<posx>657</posx>
			<posy>600</posy>
			<width>200</width>
			<height>44</height>
			<align>center</align>
			<aligny>center</aligny>
			<label>AUTHORIZE</label>
			<focusedcolor>FFFFFFFF</focusedcolor>
			<colordiffuse>FFFFFFFF</colordiffuse>
			<texturefocus>button.png</texturefocus>
			<texturenofocus>buttonNF.png</texturenofocus>
			<pulseonselect>true</pulseonselect>
			<onleft>82000</onleft>
		</control>

		<control type="label" id="82002">
			<posx>440</posx>
			<posy>270</posy>
			<width>400</width>
			<height>300</height>
			<font>font14</font>
			<textcolor>FF000000</textcolor>
			<align>center</align>
			<label>[B]To authorize your account:
1) Click Authorize
2) Go to https://trakt.tv/activate
3) Enter the code in red
4) Enjoy![/B]</label>
		</control>
		
		<control type="label" id="82003">
			<posx>412</posx>
			<posy>548</posy>
			<width>400</width>
			<height>30</height>
			<font>font12</font>
			<textcolor>FF333333</textcolor>
			<label></label>
		</control>
		
		<control type="image" id="82004">
			<description>Progress</description>
			<posx>402</posx>
			<posy>578</posy>
			<width>480</width>
			<height>3</height>
			<texture>button.png</texture>
		</control>
		
		<control type="label" id="82005">
			<posx>440</posx>
			<posy>450</posy>
			<width>400</width>
			<height>50</height>
			<font>font35_title</font>
			<textcolor>FFFF0000</textcolor>
			<align>center</align>
			<label></label>
		</control>
	</controls>
</window>